{
  "config": {
    "noise_frac": 0.05,
    "l2_strength": 0.0,
    "init_lr": 0.01
  },
  "avg_overlap": 0.9739175587892532,
  "min_overlap": 0.9603837728500366,
  "overlaps": [
    0.9945532083511353,
    0.9754631519317627,
    0.9652701020240784,
    0.9603837728500366
  ]
}